PC1,PC2,Cluster
-1.4601241999383974,-0.10594797408962048,1
1.464626833256563,-0.5483471499059771,0
-1.5825229579634523,-0.07527454807110259,1
1.501268058384266,-0.5509514415100746,0
-1.3346216368435384,-0.08532181579343098,1
5.050318538791251,-1.5284880126581186,0
-1.0565168611920195,-0.5388262084399634,1
-1.655636161326253,0.01812693580609787,1
-1.5320735901629619,2.3506767943031575,1
-1.5846524695552522,0.022868792394326546,1
-2.0420104115629942,0.02156102066990029,1
-1.9245833049330479,0.13952382290801726,1
-0.06575120999528325,-0.4346954502912462,1
-1.7049217159885068,-0.04460112205258471,1
3.793788823399593,0.6448859091775501,0
1.0837352499420134,-0.21597972541539248,0
-1.7095552819370665,0.038246813119873824,1
-1.5676382114363883,-0.055309469195548744,1
2.5844320897832453,-0.74298243246554,0
-1.3526101884404067,-0.15658647898369216,1
2.484437262117696,0.6123761541718042,0
3.039903640250552,-0.9922971659933618,0
-1.8170692934350572,0.0888853180139455,1
1.144478024224228,-1.2405917047190047,0
-1.8901802459303603,0.09660604548666635,1
0.37466428359026943,-0.6082046081110407,1
-1.8439966466858768,-0.0015377275283677788,1
-1.6020412704390756,-0.012391691774197851,1
-1.9245833049330479,0.13952382290801726,1
-1.9199542407194834,0.2280374005445179,1
-1.9688994590676911,0.013840293197179502,1
-1.7826662344323696,0.04596754059259467,1
3.2687545173214696,0.2264300021451551,0
-1.666157947135945,0.030961367293653567,1
-1.6900392203289405,0.061044713227448755,1
-1.9245833049330479,0.13952382290801726,1
4.358145970203493,-0.9608444635042966,0
-0.8118692596885131,-0.6212346537876958,1
1.8957633538562761,-1.1407554367830595,0
1.3752063288346084,-0.5689505360594919,0
3.414723586213897,-0.994458726255145,0
1.0430811028792737,-0.2484334926750802,0
3.8310301507075524,-0.04617212412221627,0
1.469692915938338,0.23112883517607882,0
4.305878166927019,-0.7432411969166608,0
-1.8984906201133476,0.7195615000720182,1
2.1433165759235404,-0.7648764738010836,0
-2.0320973164310385,0.19016232780208894,1
-1.3346216368435384,-0.08532181579343098,1
2.3643192205505543,-0.2592371291500582,0
0.9365218520355796,1.505047493782315,0
0.0014692717713900474,-0.42674892504439027,1
1.867726259272515,-0.2482354437246732,0
3.8157300221426342,2.5394163747909295,0
2.7947729665804104,-1.0252259338513336,0
1.7948293239528206,-0.7001276393713545,0
2.6256304115858775,-0.8648958223448784,0
0.8388706370399419,1.291922274047386,0
0.6436569469258843,-0.6993719236785719,1
0.47063508127399817,-0.7540988174134953,1
1.2337857643061747,-0.4004128390953194,0
-1.939468051460112,0.11955874403246342,1
3.3205840245904192,-0.5763574636108754,0
0.7072455346620558,-0.05642465404688912,1
-2.0320973164310385,0.19016232780208894,1
1.3882311650544885,4.2573395911546426,0
-1.5676382114363883,-0.055309469195548744,1
1.9381732103300597,-0.43903602717494605,0
3.804817340566436,2.3696662535293456,0
-1.7800752312864034,0.10409456924500576,1
-1.3479811242268422,-0.06807290134719143,1
4.562237448578643,4.544671218847849,0
-0.592032891011403,-0.37157398433971384,1
3.2549713815685526,-0.9774428053456183,0
0.8900865066037318,0.4099687252588817,0
-1.4184988227086819,-0.08790590162653908,1
-1.6510070971126887,0.10664051344259856,1
-1.235727358379022,-0.05815390652423352,1
-1.4898936929925255,-0.14587813184072812,1
-1.772753139300414,0.21456884772478332,1
-1.1148952325743593,-0.4465212389979058,1
-1.5930469946406416,0.02324063982093272,1
-1.335221387556583,-0.12132599481516776,1
-1.0148546759607389,-0.4494996773327929,1
4.414466181572243,2.4167382079112976,0
4.127003066157878,4.7434292446122175,0
1.1354560953760462,-0.5598292725593637,0
2.919907229268758,0.12445702606923227,0
-1.5676382114363883,-0.055309469195548744,1
-1.656244852003989,0.19956267442584216,1
-1.8901802459303603,0.09660604548666635,1
-1.8424780766393105,0.167435427030427,1
-1.5676382114363883,-0.055309469195548744,1
-2.0320973164310385,0.19016232780208894,1
-1.7826662344323696,0.04596754059259467,1
-1.8901802459303603,0.09660604548666635,1
-1.9499920881373014,0.21807393192449873,1
-1.4601241999383974,-0.10594797408962048,1
4.346365743533898,4.542276193612943,0
4.076722393526933,0.3205877477355744,0
2.545081987797734,0.4134827903935496,0
-0.1332254805022603,-0.2722327928445355,1
-1.4406081383302716,-0.08315007398204557,1
0.6016282676247259,-0.5441749166042535,1
6.02362506690676,3.0076289712960507,0
0.9841584171534286,2.751200055070258,0
3.1359802932569294,-1.5821398775030158,0
3.361227520788595,-0.6375673784438596,0
-1.8118872871431249,0.20513937531876777,1
2.376097204840317,-0.09942965989588891,0
-0.7935862022924186,0.3375039021227681,1
1.2975633070411625,-0.7879813490636506,0
2.518641302859592,-0.5165153004063198,0
4.150489933896738,-1.1397667741966213,0
-1.11305799512278,-0.20447477807831949,1
-1.8034973270480097,0.0013042750390093766,1
-0.43098211485367927,-0.4074157998072098,1
3.569326846989147,2.51294143643388,0
-1.6850955257245952,0.2926014922117925,1
-1.4576201455816378,-0.09065256879664987,1
-1.6466418855278189,0.053759267401228494,1
-1.350106134083647,-0.14129107369072155,1
4.2809123869634265,0.08847647056587417,0
1.546490266073114,-0.6053640568269019,0
3.567901560069181,-0.6800131266448419,0
-2.0320973164310385,0.19016232780208894,1
2.8874637844285385,0.873528134411694,0
-1.675152222934379,-0.004670964301477061,1
1.6593201238053064,-0.10134329304960073,0
-0.9593730618706442,0.8840788086516399,1
-1.3479811242268422,-0.06807290134719143,1
-1.7826662344323696,0.04596754059259467,1
4.164169053297885,0.3367889044900288,0
-1.7069642787911004,0.09637384177228492,1
-1.665239127802423,0.16393034283071165,1
-1.147284905679557,-0.16157451034256715,1
-1.7095552819370665,0.038246813119873824,1
-1.9589863639357354,0.1824416003293681,1
-1.5825252088309498,0.010406208333377024,1
-2.1839274820636723,0.11511730298532286,1
-1.9589863639357354,0.1824416003293681,1
-2.066500375433726,0.23308010522343978,1
1.6307061334675137,0.32149980868523803,0
-1.8034973270480097,0.0013042750390093766,1
-1.9245833049330479,0.13952382290801726,1
-1.7780371702188051,0.1344811182290954,1
0.7218273817596578,-0.4647748883587842,1
-1.787637885827478,0.19460376884922945,1
0.5234145889633297,0.2808939396787679,1
5.036791093970222,2.24194573280729,0
-2.0420104115629942,0.02156102066990029,1
1.583243479595235,0.2527743775616646,0
4.048030992660806,-1.3001667682871159,0
-1.6662138224958911,-0.00940407210395466,1
-2.1740143869317166,0.2837186101175115,1
1.1156423288664261,-0.9142405717423661,0
-1.7801644309431075,0.14694370229004491,1
-1.7826662344323696,0.04596754059259467,1
-1.8395765892104101,0.2885608798860055,1
5.0130725203116375,1.2928113421068068,0
3.3057928391874487,-0.6865502008162777,0
-1.4575331967924314,-0.04782094543720933,1
-1.675152222934379,-0.004670964301477061,1
-1.2224375574199262,3.228855278082129,1
-1.4601241999383974,-0.10594797408962048,1
-1.3649039318215046,-0.11842452920683488,1
3.744931214647487,0.4861080338099546,0
3.9533917172368875,4.212365003288676,0
-1.675152222934379,-0.004670964301477061,1
-2.209336265267926,0.19366741200180435,1
-1.9589863639357354,0.1824416003293681,1
-1.8901802459303603,0.09660604548666635,1
-2.0320973164310385,0.19016232780208894,1
6.4940095483594495,1.7231259979280804,0
1.7558218126513976,-1.332190607498514,0
3.8681945878140636,-0.6479282651543888,0
-1.7826662344323696,0.04596754059259467,1
3.4932620032739865,0.8644246923387653,0
-1.5676382114363883,-0.055309469195548744,1
0.7177421928991917,-0.5576497263711563,1
-2.0420104115629942,0.02156102066990029,1
-2.1740143869317166,0.2837186101175115,1
-1.3526101884404067,-0.15658647898369216,1
3.7465212756987483,-1.2456242081961628,0
2.017667793271285,-1.2068079258783695,0
-1.9344964000650038,-0.029077484224171387,1
2.7436917173145527,-0.8107395647894219,0
5.132524742271772,3.4051352439730223,0
3.790203198214548,-1.1952024852229732,0
-1.5112172873363126,0.02554681518812552,1
4.974738769143259,-1.3540247438179134,0
4.894740620938801,0.3432086511080954,0
-1.6020412704390756,-0.012391691774197851,1
-1.8901802459303603,0.09660604548666635,1
-1.675152222934379,-0.004670964301477061,1
-1.5676382114363883,-0.055309469195548744,1
2.4156956421239983,-0.5134818021713383,0
-1.1105993380491228,-0.15096649398644377,1
-2.1740143869317166,0.2837186101175115,1
-1.8170692934350572,0.0888853180139455,1
3.842332966948888,-0.30114273782372336,0
3.9483909801591537,-1.2095428640107253,0
-1.8901802459303603,0.09660604548666635,1
-1.4601241999383974,-0.10594797408962048,1
-1.8901802459303603,0.09660604548666635,1
5.273362314162347,0.8605511288939706,0
3.020916275052374,-0.6275149859410752,0
-2.0420104115629942,0.02156102066990029,1
-2.0420104115629942,0.02156102066990029,1
-1.6119543655710316,-0.1809929989063865,1
5.83610623713848,1.0544273060505547,0
3.8716752247379045,-1.3696221453653268,0
-1.8901802459303603,0.09660604548666635,1
5.945664128263669,0.13799828367150727,0
4.922854529706267,-2.0610022743849705,0
3.434488470264095,-0.2826488255883085,0
-2.0320973164310385,0.19016232780208894,1
-1.8901802459303603,0.09660604548666635,1
3.952090923471183,-0.33468551155018644,0
-1.0985500422281733,-0.21226768855668574,1
-1.7736719586339353,0.08159987218772524,1
4.206818977970923,-1.0785777986050702,0
-1.257851813093144,-0.34922489337327656,1
1.82090035907198,-1.208892056867604,0
3.2353274818284388,-0.9523508631377702,0
-2.0320973164310385,0.19016232780208894,1
3.4165115932634444,-1.5259301558814675,0
3.0945596630275176,-1.2003004830373425,0
-2.0420104115629942,0.02156102066990029,1
5.4686106661348814,-1.3071335102262402,0
2.067116671409694,-1.1507801829411903,0
3.729680769354455,-0.5638199823380511,0
0.6192504772456772,-0.4767471314608213,1
1.857378688444087,-1.0805151348701267,0
-0.5959612862122153,0.04922003306939471,1
-1.2940620036160289,-0.08819277866096742,1
4.8172411616652395,3.8616167789530547,0
3.4331274124056086,1.1205573983708785,0
5.4871319959747105,3.815466361891658,0
1.445867145183594,-0.6790855175626563,0
-0.8021252553751522,-0.15371178419802034,1
-1.5939658139741633,-0.10972833571612534,1
-1.7826662344323696,0.04596754059259467,1
-1.2358290450452964,-0.37292085422268095,1
-1.8901802459303603,0.09660604548666635,1
-1.2509866476710458,-0.19155773115818708,1
4.572929081168583,-1.4839769739024657,0
0.5794606400746957,-0.9373709879482933,1
-1.0171131382166043,-0.01786685040385166,1
-1.6381005169460083,-0.032912397809327254,1
-1.9220815014437858,0.24049998460546748,1
2.4867400473461667,-0.37262136128751855,0
1.3104157333033393,0.22531678725980778,0
3.8310301507075524,-0.04617212412221627,0
3.3205840245904192,-0.5763574636108754,0
1.6038973040210758,-0.7849468604501825,0
-1.9589863639357354,0.1824416003293681,1
-1.8170692934350572,0.0888853180139455,1
-1.675152222934379,-0.004670964301477061,1
1.485683508615449,-0.6118841678239472,0
3.051383288497168,-0.43929382385896576,0
5.516489267729817,0.8951268060782326,0
3.730060234113138,-1.36535563446911,0
3.0470573465292348,-1.1162625590436344,0
3.3549485450258514,0.7969893346884672,0
-0.9689289659760905,-0.1819812646907714,1
2.5509654555885772,-0.776325347258949,0
0.7524438139238298,-1.096407956569054,0
3.6926646183998826,2.4695011599270895,0
-1.8901802459303603,0.09660604548666635,1
1.9992470741780386,-0.4421210464406773,0
-1.4601241999383974,-0.10594797408962048,1
0.7524438139238298,-1.096407956569054,0
-0.08917515540892347,-0.4279134979382332,1
-1.565047208290422,0.0028175594568623547,1
-1.5630091472228238,0.03320410844095201,1
-1.8170692934350572,0.0888853180139455,1
-2.0320973164310385,0.19016232780208894,1
-1.8901802459303603,0.09660604548666635,1
2.4353167792783093,2.7544862188261656,0
-1.675152222934379,-0.004670964301477061,1
-1.666157947135945,0.030961367293653567,1
1.7588458533198896,-0.7752769360856848,0
1.4250122152551943,-1.352045355709901,0
2.4243123218590474,-0.5533904402391874,0
5.844295742152795,-0.5182132722147986,0
6.7770435915656835,3.8201972386876486,0
-1.665239127802423,0.16393034283071165,1
0.8504066217177699,-0.46430782480744615,0
3.589764577094472,0.799701478917426,0
-2.1740143869317166,0.2837186101175115,1
-1.8901802459303603,0.09660604548666635,1
2.505790701123373,-1.1266839193254847,0
1.32774229402305,-1.090726165685345,0
-2.013571463436853,0.17604161104816388,1
2.9561928725039954,-1.1265586114496158,0
0.8805127682498255,-0.43118760170844367,0
-0.6789592458167442,-0.15571278302285488,1
-0.8410229971660651,0.1390061295837605,1
2.1787321378295603,-0.6966104836819318,0
2.986591618818141,-0.9831368043346927,0
-1.8901802459303603,0.09660604548666635,1
6.7014397755458095,3.5095018868214383,0
-1.8901802459303603,0.09660604548666635,1
1.631083556667841,-1.0376009125671344,0
3.211469562184175,0.5749250484466214,0
-1.8901802459303603,0.09660604548666635,1
-1.8901802459303603,0.09660604548666635,1
3.344004790020393,0.624773029465051,0
-1.020801022049315,-0.47419786401082437,1
-1.772753139300414,0.21456884772478332,1
-2.1740143869317166,0.2837186101175115,1
2.5716580850877206,0.07698332711795375,0
-2.1740143869317166,0.2837186101175115,1
-2.1839274820636723,0.11511730298532286,1
2.6704797149621924,-0.541844496785859,0
1.3153966107345867,-0.7827050637118131,0
3.9455989349260383,-1.1382376745048037,0
-1.4346897490324582,0.32174111993696447,1
1.3034013406215499,-0.5714661831849536,0
2.6051570076345962,1.5301366535092078,0
-1.6381005169460083,-0.032912397809327254,1
-1.675152222934379,-0.004670964301477061,1
1.573889643644472,-1.1553291561312686,0
-1.8901802459303603,0.09660604548666635,1
-1.3449263786592125,0.060643740018580305,1
0.5252584272231243,-1.1592197458424358,1
-2.0320973164310385,0.19016232780208894,1
2.2332651687394907,-0.3111869963904535,0
2.2936516857558145,-1.3740184133039501,0
1.404999086928647,-1.3622182960881892,0
-1.3265175036207064,0.42345119818030874,1
-1.1234950830107628,-0.06312796682684366,1
1.6317268550119541,-0.9302373657852933,0
1.9315442003147327,-0.5403320532813511,0
-2.1740143869317166,0.2837186101175115,1
1.9383181245217707,-0.8973808271425356,0
-1.8901802459303603,0.09660604548666635,1
-2.1839274820636723,0.11511730298532286,1
1.5319730102199314,-1.20477417274115,0
1.5331683684882567,-1.4177925139806902,0
-1.8901802459303603,0.09660604548666635,1
-2.066500375433726,0.23308010522343978,1
-2.1740143869317166,0.2837186101175115,1
4.183506699374673,0.01966257533060091,0
-2.1740143869317166,0.2837186101175115,1
-1.0034769732348505,0.11296186406368441,1
-2.105634523276437,0.22365063281742423,1
0.8049215453830538,-0.029270278561102255,0
1.1957862719949777,-0.9423559647304599,0
-1.5109417663469042,0.0511522439433425,1
-1.7826662344323696,0.04596754059259467,1
1.0775445830538668,-0.01427549920113452,0
4.1749873729883085,0.8624207081886511,0
-2.0320973164310385,0.19016232780208894,1
-1.4476201016604755,0.1207803616949793,1
-0.13174631146475185,0.8152280242203439,1
5.600293423039382,2.5746059105781134,0
3.3166243966494773,0.7334577325955801,0
1.6001358432983304,0.19389848271834512,0
6.914655827576434,3.6485261290022453,0
2.8772460976053145,0.732022877424511,0
-1.0762175467400046,0.05454957459618248,1
-0.6519898082349947,-0.24762240425445056,1
-1.7826662344323696,0.04596754059259467,1
-1.9245833049330479,0.13952382290801726,1
6.068258336857414,2.0037948448743483,0
4.608878342715573,-0.29541744505293,0
-1.9199542407194834,0.2280374005445179,1
-1.9298673358514393,0.05943609341232925,1
-1.1808894184346868,0.05469519169904852,1
-1.9199542407194834,0.2280374005445179,1
-1.5825252088309498,0.010406208333377024,1
-1.485532983142651,-0.027397865073138957,1
-1.6900392203289405,0.061044713227448755,1
-2.1740143869317166,0.2837186101175115,1
-2.0320973164310385,0.19016232780208894,1
-2.1839274820636723,0.11511730298532286,1
-1.2056092512691916,0.12640034669222774,1
-0.5255680245911503,-0.0701357802666733,1
-2.1740143869317166,0.2837186101175115,1
3.415108691622079,0.21430717130796142,0
-1.1966060355060661,-0.05540723935412284,1
-2.066500375433726,0.23308010522343978,1
-2.066500375433726,0.23308010522343978,1
-0.9364938058575921,1.2501706739077996,1
1.6489164918311432,-1.4629878412241866,0
-0.6879199760334762,-0.13234637359588364,1
-1.814478290289091,0.14701234666635668,1
-1.247476825191558,-0.0004617269687179309,1
-1.9155890291346136,0.17515615450314784,1
3.497472794275575,-1.5535529605594527,0
-1.8170692934350572,0.0888853180139455,1
-2.3258445525643507,0.2086735853007454,1
-1.6531343578369908,0.11910309750354808,1
-1.8170692934350572,0.0888853180139455,1
-1.675152222934379,-0.004670964301477061,1
-1.8514723524377448,0.13180309543529642,1
-1.582061466409286,0.08099582104673764,1
-1.795051428337669,0.21265937981897062,1
4.392547432837088,2.4667905644931816,0
-1.9589863639357354,0.1824416003293681,1
-1.0981754994632136,-0.09882894279828605,1
-1.6810985690229552,-0.02936915097950848,1
-1.705989985313096,0.24581676655242143,1
-2.0320973164310385,0.19016232780208894,1
-1.4576223964491355,-0.004971812392170256,1
-2.0320973164310385,0.19016232780208894,1
-1.1966929842952725,-0.09823886271356336,1
-1.6900392203289405,0.061044713227448755,1
-2.0320973164310385,0.19016232780208894,1
-2.1839274820636723,0.11511730298532286,1
4.266257463212864,-1.0225069136151168,0
-1.3330941268322807,-0.13378857887611723,1
2.0754575720026347,-1.2771982261698842,0
0.06173366556780569,-0.17450652472290126,1
3.693156376221062,-1.0068492007222136,0
-2.0320973164310385,0.19016232780208894,1
-0.7553420512214668,0.30211133935803747,1
-1.3612042537721951,0.4274591382226434,1
-1.0049442329117448,-0.21910910395065442,1
4.911886627668248,-1.3335101111732972,0
-0.8435624111726123,-0.12676967270295805,1
-1.3479811242268422,-0.06807290134719143,1
-1.9589863639357354,0.1824416003293681,1
6.318571736212543,-1.4550945007401785,0
-0.8590023506455416,-0.08879447484235381,1
2.288622376918866,-0.6002514048714217,0
-2.0320973164310385,0.19016232780208894,1
-1.9245833049330479,0.13952382290801726,1
-1.672186677023453,0.1668948101093338,1
-0.8133422794363228,0.021618252704368904,1
-1.4919362557951188,-0.004903168015858435,1
-1.4740369038549548,0.10921062821944183,1
2.230743335275533,-0.8618367371969793,0
2.364363893551639,-1.46485188045799,0
2.580980521480492,-0.30195208027751297,0
-1.8514723524377448,0.13180309543529642,1
-1.3643956316326618,0.04610953926442063,1
-1.7439583409397539,0.08116459054122471,1
2.8855322360854143,-1.7362475105011401,0
-0.864612798649768,-0.21888330617651927,1
-1.7557392823970137,0.11249909598037822,1
-2.08138512196079,0.213115026347886,1
-0.8676696683243174,-0.01237753345213732,1
-2.066500375433726,0.23308010522343978,1
-2.1740143869317166,0.2837186101175115,1
-1.7439583409397539,0.08116459054122471,1
-2.3258445525643507,0.2086735853007454,1
4.262605801844277,-1.26162100223909,0
-1.628368872976851,-0.06681055829477447,1
-1.7439583409397539,0.08116459054122471,1
-1.7259697893428858,0.1524292537314859,1
3.3506849702276766,-1.2784421726538,0
-1.6648645850374633,0.2773690885891113,1
-0.3577023767895443,-0.03886530601937634,1
3.574902530319488,-1.4930722066880378,0
4.112463360332084,-1.0917896692924365,0
-1.6169282678336372,0.05332398575472791,1
-1.4898981947275205,0.025483380968231165,1
-1.5109417663469042,0.0511522439433425,1
-1.5884693040520286,-0.09997273474913404,1
-1.4034277548489136,0.0005137390492708266,1
-1.741367337793788,0.13929161919363583,1
-1.8514723524377448,0.13180309543529642,1
4.375963856004462,0.07325333939792934,0
3.1030747991590566,-1.5919885550547375,0
2.7622111557287456,-0.7254298422328386,0
-1.8514723524377448,0.13180309543529642,1
-1.9050672433249218,0.1623217230155922,1
-1.9688994590676911,0.013840293197179502,1
-1.4034277548489136,0.0005137390492708266,1
-1.7882744950743974,-0.044518939169613025,1
-1.8514723524377448,0.13180309543529642,1
-1.7439583409397539,0.08116459054122471,1
-1.9589863639357354,0.1824416003293681,1
-1.724442279331628,0.10396249064879959,1
-1.8514723524377448,0.13180309543529642,1
-1.6190555285579395,0.06578656981567743,1
3.2628485561229863,-1.294668041205261,0
-1.895788506572388,0.0061195657244586575,1
-1.017597781180734,-0.022450575593189966,1
7.057885678217128,3.6625159685373125,0
4.098679806210902,-1.5092786993701737,0
-1.6169282678336372,0.05332398575472791,1
-1.907569448029648,0.03745407116361216,1
-1.9688994590676911,0.013840293197179502,1
5.078412597653793,0.43139943498419325,0
1.0464303834672246,-0.3438350134266406,0
-0.4041394595245684,-0.44550513402881664,1
-2.1740143869317166,0.2837186101175115,1
2.3331227658462,-1.4159498357288032,0
-1.8613854475697005,-0.036798211696892236,1
4.296608368785237,-0.6865388976910334,0
0.24774077948384,-0.30761214169613466,1
-1.9688994590676911,0.013840293197179502,1
-2.3258445525643507,0.2086735853007454,1
-1.7265695400559304,0.11642507470974911,1
-1.7095552819370665,0.038246813119873824,1
-1.7095552819370665,0.038246813119873824,1
-1.3526101884404067,-0.15658647898369216,1
-1.7095552819370665,0.038246813119873824,1
-1.5930469946406416,0.02324063982093272,1
-1.5676382114363883,-0.055309469195548744,1
-2.1740143869317166,0.2837186101175115,1
-1.7091807391721068,0.15168555887827354,1
5.022348628576179,2.4461825285471552,0
-1.8961265920189365,0.07190785880863493,1
-1.7439583409397539,0.08116459054122471,1
-2.066500375433726,0.23308010522343978,1
-2.1740143869317166,0.2837186101175115,1
-1.6020412704390756,-0.012391691774197851,1
-1.7439583409397539,0.08116459054122471,1
-1.9688994590676911,0.013840293197179502,1
3.902289628760858,-0.9669485256128718,0
3.464568148267497,-1.421598719055956,0
-2.3258445525643507,0.2086735853007454,1
-2.1839274820636723,0.11511730298532286,1
-1.7154480035331938,0.13959482224393024,1
2.292831888197844,-1.4191540718378255,0
-2.022184221299083,0.3587636349342775,1
-1.6996421868051106,0.20684812025206242,1
1.6200249858177087,-1.128272891786179,0
2.5796079100761284,-1.200473371810171,0
-1.8170692934350572,0.0888853180139455,1
-1.8424780766393105,0.167435427030427,1
-1.8514723524377448,0.13180309543529642,1
-1.5676382114363883,-0.055309469195548744,1
-1.2658758959331051,-0.04016129722478168,1
-1.8613854475697005,-0.036798211696892236,1
2.1876340987715257,-1.0729960681844284,0
-1.4576223964491355,-0.004971812392170256,1
-2.0420104115629942,0.02156102066990029,1
-1.8170692934350572,0.0888853180139455,1
-1.9245833049330479,0.13952382290801726,1
-1.5196118124217022,0.025918662614731695,1
-1.4601241999383974,-0.10594797408962048,1
-1.3330941268322807,-0.13378857887611723,1
-1.7095552819370665,0.038246813119873824,1
-1.494527258941085,-0.06303019666826962,1
-1.509412005468149,-0.08299527554382341,1
-1.9589863639357354,0.1824416003293681,1
-1.4941527161761252,0.05040854909013015,1
-1.7095552819370665,0.038246813119873824,1
-1.5540148714243898,0.06883644003608252,1
-1.6020412704390756,-0.012391691774197851,1
4.659297496420731,-1.472780288012292,0
-2.21833054106636,0.15803508040667377,1
-2.110816529568369,0.10739657551260207,1
2.728520851698145,-0.3853199544515903,0
-1.8170692934350572,0.0888853180139455,1
-1.8901802459303603,0.09660604548666635,1
-1.0546889650053877,-0.14896352166954538,1
-0.7036930154841085,0.2112569833481623,1
-1.9589863639357354,0.1824416003293681,1
-0.40518041366438334,-0.12720212665368996,1
-1.3854302632873539,-0.1456615154019491,1
-1.5109417663469042,0.0511522439433425,1
-1.9245833049330479,0.13952382290801726,1
-1.6020412704390756,-0.012391691774197851,1
-1.4601241999383974,-0.10594797408962048,1
-1.4601241999383974,-0.10594797408962048,1
-1.8901802459303603,0.09660604548666635,1
-1.8170692934350572,0.0888853180139455,1
-1.4575331967924314,-0.04782094543720933,1
4.754656424911966,-1.5816315430710801,0
-1.5481221498282622,-0.03251156908797381,1
-1.5242967519952129,-0.10296035441937726,1
1.4913102226810853,-0.06986197034882387,0
4.330823511605431,-1.4496336427885694,0
3.2814929728810234,-1.170261002402882,0
3.950269493595753,-1.1196342606871512,0
-1.8170692934350572,0.0888853180139455,1
-2.0320973164310385,0.19016232780208894,1
2.69645333593827,-0.9290281605289674,0
-1.3330941268322807,-0.13378857887611723,1
-1.6020412704390756,-0.012391691774197851,1
-2.0320973164310385,0.19016232780208894,1
-2.0320973164310385,0.19016232780208894,1
-1.8901802459303603,0.09660604548666635,1
-1.475011197332959,-0.04023229656069466,1
3.312346991004447,-1.2783806217207452,0
3.2996886239073446,-1.16499011526968,0
-1.9589863639357354,0.1824416003293681,1
-1.0095867388249957,0.08117874886328524,1
-2.1740143869317166,0.2837186101175115,1
5.603737062184016,-1.7046360951131712,0
-1.4919362557951188,-0.004903168015858435,1
2.6000246058135508,-0.665665109229354,0
-1.7439583409397539,0.08116459054122471,1
2.2088105856984743,-0.9534245090011423,0
2.317183961439819,-1.0797437522863718,0
1.3017854716908877,-1.1873865589916148,0
-1.6169282678336372,0.05332398575472791,1
1.879840413366068,-1.191738318359534,0
-1.6020412704390756,-0.012391691774197851,1
-1.5825252088309498,0.010406208333377024,1
-1.206064053726164,-0.16162918366261403,1
-1.8170692934350572,0.0888853180139455,1
-1.3897954748722237,-0.09278026936057901,1
-1.8170692934350572,0.0888853180139455,1
-2.1839274820636723,0.11511730298532286,1
-1.7095552819370665,0.038246813119873824,1
2.3694834293768747,-0.6466229214098601,0
1.864615439463648,-0.6182672522033149,0
3.6628564684668965,-0.23332750148905754,0
-1.7349640651413198,0.11679692213635529,1
-2.1740143869317166,0.2837186101175115,1
4.8975705584249685,-1.3199371949889465,0
-1.7439583409397539,0.08116459054122471,1
2.441557555268436,-1.0012245161017093,0
3.5539715280688546,-0.9132669892515697,0
6.806197329043235,3.0599564553161924,0
-1.6747776801694192,0.10876778145692262,1
-2.076413470565682,0.06447879809125118,1
-1.4554951357248331,-0.017434396453119724,1
-1.8170692934350572,0.0888853180139455,1
-2.3258445525643507,0.2086735853007454,1
-1.7095552819370665,0.038246813119873824,1
-1.6020412704390756,-0.012391691774197851,1
-1.8170692934350572,0.0888853180139455,1
0.05448279923390104,-0.5492634825047896,1
-1.0269665997441277,-0.17152165294672025,1
-2.1740143869317166,0.2837186101175115,1
-1.637363148775285,-0.10244288988990505,1
-1.2752082571780878,-0.010005335735735973,1
2.8758682807086067,0.4202842731123738,0
-1.695983315550019,-0.049334229855062306,1
-2.066500375433726,0.23308010522343978,1
-1.8514723524377448,0.13180309543529642,1
-1.2574813708477155,-0.040533144651387853,1
-1.6020412704390756,-0.012391691774197851,1
-2.1740143869317166,0.2837186101175115,1
2.2579780896908095,-0.5144598912761762,0
-1.9589863639357354,0.1824416003293681,1
-1.5778961446173854,0.09891978596987777,1
4.790038464798473,0.07689667933931256,0
-0.8779164106731255,-0.16126895233267152,1
-1.8514723524377448,0.13180309543529642,1
-1.5109417663469042,0.0511522439433425,1
-1.6184557778448951,0.10179074883741418,1
-1.8170692934350572,0.0888853180139455,1
-1.8170692934350572,0.0888853180139455,1
-2.1740143869317166,0.2837186101175115,1
-2.066500375433726,0.23308010522343978,1
-1.8170692934350572,0.0888853180139455,1
-1.9220815014437858,0.24049998460546748,1
-1.9409978123388671,0.25370626351962927,1
6.349941837312385,4.076880739422476,0
-1.8170692934350572,0.0888853180139455,1
-1.4127601160938963,0.030669700538316472,1
-1.6741779294563746,0.14477196047865945,1
-1.4919362557951188,-0.004903168015858435,1
-1.7095552819370665,0.038246813119873824,1
-1.675152222934379,-0.004670964301477061,1
-1.8170692934350572,0.0888853180139455,1
-1.6020412704390756,-0.012391691774197851,1
0.8842105966471011,0.22426831228004393,0
3.147963984904678,-0.46811789232907486,0
-2.1740143869317166,0.2837186101175115,1
-2.0320973164310385,0.19016232780208894,1
-1.5676382114363883,-0.055309469195548744,1
-1.7780371702188051,0.1344811182290954,1
-1.7780371702188051,0.1344811182290954,1
-1.5840527188422076,0.05887297141606329,1
-2.1740143869317166,0.2837186101175115,1
-1.2419104718377072,0.5523389640001688,1
-1.675152222934379,-0.004670964301477061,1
2.103530362635082,0.7704121155678928,0
4.007450751107891,-0.9640664928554442,0
3.028590215842598,-1.0360095625667238,0
-1.4337411232561397,-0.03505515832596545,1
-1.7826662344323696,0.04596754059259467,1
-1.2152924774373743,0.0976129691203994,1
-2.0320973164310385,0.19016232780208894,1
-1.4703821331193947,0.04828128107580604,1
-1.9050672433249218,0.1623217230155922,1
-1.7439583409397539,0.08116459054122471,1
-2.1740143869317166,0.2837186101175115,1
-2.066500375433726,0.23308010522343978,1
6.468575097453511,1.2954369039014952,0
4.094742677980938,-0.2061849689808742,0
-1.3500191852944405,-0.09845945033128106,1
-2.1740143869317166,0.2837186101175115,1
-2.1740143869317166,0.2837186101175115,1
-2.1740143869317166,0.2837186101175115,1
-2.1740143869317166,0.2837186101175115,1
-1.5968592641471435,0.10386236553062433,1
-1.8514723524377448,0.13180309543529642,1
-1.2387675127078792,3.9895128160070166,1
-1.9409978123388671,0.25370626351962927,1
2.4197144242202056,-0.7583552933791557,0
-1.9589863639357354,0.1824416003293681,1
-1.6834625971173662,0.6182844902838748,1
-1.7145269333321747,0.1868830413765087,1
-2.066500375433726,0.23308010522343978,1
3.8188348827675505,-0.16189551923344903,0
2.2650192299261174,-1.1013942420120588,0
2.659837064750423,-1.1826172313535317,0
